{
  "Andhra Pradesh": ["Visakhapatnam", "Vijayawada", "Guntur"],
  "Bihar": ["Patna", "Gaya", "Bhagalpur"],
  "Delhi": ["New Delhi", "Dwarka", "Rohini"],
  "Gujarat": ["Ahmedabad", "Surat", "Vadodara"],
  "Karnataka": ["Bengaluru", "Mysuru", "Hubli"],
  "Madhya Pradesh": ["Indore", "Bhopal", "Ujjain", "Jabalpur"],
  "Maharashtra": ["Mumbai", "Pune", "Nagpur", "Nashik"],
  "Rajasthan": ["Jaipur", "Udaipur", "Jodhpur"],
  "Tamil Nadu": ["Chennai", "Coimbatore", "Madurai"],
  "Uttar Pradesh": ["Lucknow", "Kanpur", "Noida", "Varanasi"],
  "West Bengal": ["Kolkata", "Howrah", "Durgapur"]
}
